Workbook

Sheet branches
A1: branch_id | B1: branch_name | C1: city | D1: opening_date
A2: B001 | B2: Daily Grind -Merkez | C2: İstanbul | D2: 45619
A3: B002 | B3: Daily Grind -Kadıköy | C3: İstanbul | D3: 45706
A4: B003 | B4: Daily Grind -Ankara | C4: Ankara | D4: 45756
A5: B004 | B5: Daily Grind -İzmir | C5: İzmir | D5: 45850
A6: B005 | B6: Daily Grind -Bursa | C6: Bursa | D6: 45921

Sheet customers
A1: customer_id | B1: customer_name | C1: gender | D1: birth-date | E1: registration_date
A2: C001 | B2: Ahmet Yılmaz | C2: 18 | D2: 39460 | E2: 45620
A3: C002 | B3: Ayse Kaya | C3: 19 | D3: 39127 | E3: 45651
A4: C003 | B4: Mehmet Demir | C4: 20 | D4: 38802 | E4: 45683
A5: C004 | B5: Elif Şahin | C5: 21 | D5: 38515 | E5: 45715
A6: C005 | B6: Can Çelik | C6: 22 | D6: 38220 | E6: 45744
A7: C006 | B7: Zeynep Aydın | C7: 23 | D7: 37956 | E7: 45748
A8: C007 | B8: Mert Aslan | C8: 24 | D8: 37572 | E8: 45779
A9: C008 | B9: Ece Dogan | C9: 18 | D9: 39550 | E9: 45812
A10: C009 | B10: Burak Koç | C10: 19 | D10: 39155 | E10: 45844
A11: C010 | B11: Seda Arslan | C11: 20 | D11: 38799 | E11: 45877
A12: C011 | B12: Ali Kurt | C12: 21 | D12: 38525 | E12: 45910
A13: C012 | B13: Deniz Özdemir | C13: 22 | D13: 38342 | E13: 45942
... A101: C100 | B101: İsmail Koç | C101: 48 | D101: 28730 | E101: 46026

Sheet products
A1: product_id | B1: product_name | C1: category | D1: unit_price
A2: P001 | B2: Espressso | C2: Coffee | D2: 60
A3: P002 | B3: Double Espresso | C3: Coffee | D3: 70
A4: P003 | B4: Americano | C4: Coffee | D4: 75
A5: P004 | B5: Latte | C5: Coffee | D5: 90
A6: P005 | B6: Cappuccino | C6: Coffee | D6: 85
A7: P006 | B7: Mocha | C7: Coffee | D7: 95
A8: P007 | B8: Flat White | C8: Coffee | D8: 100
A9: P008 | B9: Iced Latte | C9: Cold Drinks | D9: 95
A10: P009 | B10: Iced Americano | C10: Cold Drinks | D10: 80
A11: P010 | B11: Lemonade | C11: Cold Drinks | D11: 65
A12: P011 | B12: Iced Tea | C12: Cold Drinks | D12: 60
A13: P012 | B13: Cheesecake | C13: Desserts | D13: 130
... A21: P020 | B21: Muffin | C21: Snacks | D21: 60

Sheet orders
A1: order_id | B1: customer_id | C1: branch_id | D1: order_date | E1: payment_method | F1: order_status
A2: O001 | B2: C001 | C2: B001 | D2: 45621 | E2: Card | F2: Completed
A3: O002 | B3: C001 | C3: B001 | D3: 45653 | E3: Cash | F3: Completed
A4: O003 | B4: C001 | C4: B001 | D4: 45658 | E4: Card | F4: Completed
A5: O004 | B5: C002 | C5: B001 | D5: 45652 | E5: Card | F5: Completed
A6: O005 | B6: C002 | C6: B001 | D6: 45716 | E6: Card | F6: Completed
A7: O006 | B7: C003 | C7: B001 | D7: 45684 | E7: Cash | F7: Completed
A8: O007 | B8: C004 | C8: B001 | D8: 45716 | E8: Card | F8: Cancalled
A9: O008 | B9: C004 | C9: B001 | D9: 45720 | E9: Card | F9: Completed
A10: O009 | B10: C004 | C10: B001 | D10: 45753 | E10: Card | F10: Completed
A11: O010 | B11: C004 | C11: B001 | D11: 45785 | E11: Cash | F11: Completed
A12: O011 | B12: C005 | C12: B001 | D12: 45748 | E12: Card | F12: Completed
A13: O012 | B13: C005 | C13: B001 | D13: 45787 | E13: Card | F13: Completed
... A301: O300 | B301: C100 | C301: B005 | D301: 46029 | E301: Card | F301: Completed

Sheet orders_details
A1: order_details_id | B1: order_id | C1: product_id | D1: quantity | E1: unit_price | F1: total_price
A2: OD001 | B2: O001 | C2: P001 | D2: 1 | E2: =VLOOKUP(C2,products!A:D,4,FALSE) -> 60 | F2: =D2*E2 -> 60
A3: OD002 | B3: O001 | C3: P002 | D3: 1 | E3: =VLOOKUP(C3,products!A:D,4,FALSE) -> 70 | F3: =D3*E3 -> 70
A4: OD003 | B4: O001 | C4: P003 | D4: 1 | E4: =VLOOKUP(C4,products!A:D,4,FALSE) -> 75 | F4: =D4*E4 -> 75
A5: OD004 | B5: O002 | C5: P004 | D5: 2 | E5: =VLOOKUP(C5,products!A:D,4,FALSE) -> 90 | F5: =D5*E5 -> 180
A6: OD005 | B6: O002 | C6: P005 | D6: 1 | E6: =VLOOKUP(C6,products!A:D,4,FALSE) -> 85 | F6: =D6*E6 -> 85
A7: OD006 | B7: O003 | C7: P006 | D7: 1 | E7: =VLOOKUP(C7,products!A:D,4,FALSE) -> 95 | F7: =D7*E7 -> 95
A8: OD007 | B8: O003 | C8: P007 | D8: 3 | E8: =VLOOKUP(C8,products!A:D,4,FALSE) -> 100 | F8: =D8*E8 -> 300
A9: OD008 | B9: O004 | C9: P008 | D9: 1 | E9: =VLOOKUP(C9,products!A:D,4,FALSE) -> 95 | F9: =D9*E9 -> 95
A10: OD009 | B10: O004 | C10: P009 | D10: 2 | E10: =VLOOKUP(C10,products!A:D,4,FALSE) -> 80 | F10: =D10*E10 -> 160
A11: OD010 | B11: O005 | C11: P010 | D11: 1 | E11: =VLOOKUP(C11,products!A:D,4,FALSE) -> 65 | F11: =D11*E11 -> 65
A12: OD011 | B12: O006 | C12: P011 | D12: 1 | E12: =VLOOKUP(C12,products!A:D,4,FALSE) -> 60 | F12: =D12*E12 -> 60
A13: OD012 | B13: O007 | C13: P012 | D13: 1 | E13: =VLOOKUP(C13,products!A:D,4,FALSE) -> 130 | F13: =D13*E13 -> 130
... A851: OD850 | B851: O300 | C851: P001 | D851: 1 | E851: =VLOOKUP(C851,products!A:D,4,FALSE) -> 60 | F851: =D851*E851 -> 60
